Epoch,train loss,val loss
1,4.888206805393195,4.2270960956811905
2,3.9872029495846695,3.895657442510128
3,3.7105874529310094,3.736015811562538
